Name,Mo N,Email,Salary,Img No
Drcoll,abcd@gmail.com,+91848954893
Drcool,abercd@gmail.com,+91676954893
Drcool42,ytercd@gmail.com,+91676564893
Drcool42,ytercd@gmail.com,+91676564893
Drcool42,ytercd@gmail.com,+91676564893
Drcool42,ytercd@gmail.com,+91676564893
Drcool42,ytercd@gmail.com,+91676564893
Drcool42,ytercd@gmail.com,+91676564893
Drcool42,ytercd@gmail.com,+91676564893
Drcool42,ytercd@gmail.com,+91676564893
Drcool42,ytercd@gmail.com,+91676564893
Drcool42,ytercd@gmail.com,+91676564893
Drcool42gdr,ytesefffrcd@gmail.com,+9167655664893
Drcool42gdr,ytesefffrcd@gmail.com,+9167655664893
Drcool42gdr,ytesefffrcd@gmail.com,+9167655664893
bruce wayne,ytesefffrcd@gmail.com,+9167655664893
bruce wayne,ytesefffrcd@gmail.com,+9167655664893
bruce wayne,ytesefffrcd@gmail.com,+9167655664893
bruce wayne,ytesefffrcd@gmail.com,+9167655664893
bruce wayne,ytesefffrcd@gmail.com,+9167655664893
"bruce wayne",ytesefffrcd@gmail.com,+9167655664893
"bruce wayne",ytesefffrcd@gmail.com,+9167655664893
"bruce wayne",ytesefffrcd@gmail.com,+9167655664893
"bruce wayne",ytesefffrcd@gmail.com,+9167655664893
"bruce wayne",ytesefffrcd@gmail.com,+9167655664893
"bruce wayne","ytesefffrcd@gmail.com","+9167655664893"
"bruce wayne","ytesefffrcd@gmail.com","+9167655664893"
"bruce wayne","ytesefffrcd@gmail.com","+9167655664893"
"bruce wayne","ytesefffrcd@gmail.com","+9167655664893"
"bruce wayne","ytesefffrcd@gmail.com","+9167655664893"
"bruce wayne","ytesefffrcd@gmail.com","+9167655664893"
"bruce wayne","ytesefffrcd@gmail.com","+9167655664893"
"bruce wayne","ytesefffrcd@gmail.com","+9167655664893"
